prb_id,src_addr,type_addr,region,cc,asn_4,asn_6,prefix_4,prefix_6,rtt,min,max,avg
1000362,2001:470:5926:33::1,IPv6,ripe,CZ,12570,6939,213.211.32.0/19,2001:470::/32, 15.374695,15.374695,38.558702,23.5253036667
1000362,2001:470:5926:33::1,IPv6,ripe,CZ,12570,6939,213.211.32.0/19,2001:470::/32, 38.558702,15.374695,38.558702,23.5253036667
1000362,2001:470:5926:33::1,IPv6,ripe,CZ,12570,6939,213.211.32.0/19,2001:470::/32,  16.642514,15.374695,38.558702,23.5253036667
1000431,2a01:11:9200:2::133,IPv6,ripe,PT,2860,2860,109.49.128.0/18,2a01:10::/29, 8.976357,6.638372,9.995129,8.5366193333
1000431,2a01:11:9200:2::133,IPv6,ripe,PT,2860,2860,109.49.128.0/18,2a01:10::/29, 6.638372,6.638372,9.995129,8.5366193333
1000431,2a01:11:9200:2::133,IPv6,ripe,PT,2860,2860,109.49.128.0/18,2a01:10::/29,  9.995129,6.638372,9.995129,8.5366193333
1001434,2a01:75c0:1000:160:a82d:24ff:feaa:3fc4,IPv6,ripe,DE,199284,199284,178.19.226.0/23,2a01:75c0:1000::/36, 12.406799,12.406799,12.461217,12.4425573333
1001434,2a01:75c0:1000:160:a82d:24ff:feaa:3fc4,IPv6,ripe,DE,199284,199284,178.19.226.0/23,2a01:75c0:1000::/36, 12.459656,12.406799,12.461217,12.4425573333
1001434,2a01:75c0:1000:160:a82d:24ff:feaa:3fc4,IPv6,ripe,DE,199284,199284,178.19.226.0/23,2a01:75c0:1000::/36,  12.461217,12.406799,12.461217,12.4425573333
1003964,2a05:d018:14a9:851c:c4f5:486c:fd8a:325f,IPv6,ripe,IE,16509,16509,52.30.0.0/15,2a05:d018:1000::/36, 1.241364,1.241364,1.306192,1.2689656667
1003964,2a05:d018:14a9:851c:c4f5:486c:fd8a:325f,IPv6,ripe,IE,16509,16509,52.30.0.0/15,2a05:d018:1000::/36, 1.306192,1.241364,1.306192,1.2689656667
1003964,2a05:d018:14a9:851c:c4f5:486c:fd8a:325f,IPv6,ripe,IE,16509,16509,52.30.0.0/15,2a05:d018:1000::/36,  1.259341,1.241364,1.306192,1.2689656667
1003981,2a05:d01a:a41:611c:a70e:72ed:e5cc:7c0e,IPv6,ripe,IT,16509,16509,15.161.0.0/16,2a05:d01a:800::/38, 10.864698,10.864698,10.936132,10.8960143333
1003981,2a05:d01a:a41:611c:a70e:72ed:e5cc:7c0e,IPv6,ripe,IT,16509,16509,15.161.0.0/16,2a05:d01a:800::/38, 10.936132,10.864698,10.936132,10.8960143333
1003981,2a05:d01a:a41:611c:a70e:72ed:e5cc:7c0e,IPv6,ripe,IT,16509,16509,15.161.0.0/16,2a05:d01a:800::/38,  10.887213,10.864698,10.936132,10.8960143333
1004961,2a00:23c8:5498:3405:868:156a:d006:b0e9,IPv6,ripe,GB,2856,2856,109.144.0.0/12,2a00:2380::/25, 4.179402,3.976754,4.179402,4.09705
1004961,2a00:23c8:5498:3405:868:156a:d006:b0e9,IPv6,ripe,GB,2856,2856,109.144.0.0/12,2a00:2380::/25, 4.134994,3.976754,4.179402,4.09705
1004961,2a00:23c8:5498:3405:868:156a:d006:b0e9,IPv6,ripe,GB,2856,2856,109.144.0.0/12,2a00:2380::/25,  3.976754,3.976754,4.179402,4.09705
10770,2a02:168:5a3f:128:a2f3:c1ff:fec4:5c29,IPv6,ripe,CH,13030,13030,212.51.144.0/20,2a02:168::/32, 1.882376,1.882376,1.950181,1.904994
10770,2a02:168:5a3f:128:a2f3:c1ff:fec4:5c29,IPv6,ripe,CH,13030,13030,212.51.144.0/20,2a02:168::/32, 1.882425,1.882376,1.950181,1.904994
10770,2a02:168:5a3f:128:a2f3:c1ff:fec4:5c29,IPv6,ripe,CH,13030,13030,212.51.144.0/20,2a02:168::/32,  1.950181,1.882376,1.950181,1.904994
15448,2a10:3781:a98:0:6666:b3ff:feb0:bc92,IPv6,ripe,NL,206238,206238,45.137.88.0/22,2a10:3780::/29, 4.022052,4.022052,4.132642,4.0668073333
15448,2a10:3781:a98:0:6666:b3ff:feb0:bc92,IPv6,ripe,NL,206238,206238,45.137.88.0/22,2a10:3780::/29, 4.132642,4.022052,4.132642,4.0668073333
15448,2a10:3781:a98:0:6666:b3ff:feb0:bc92,IPv6,ripe,NL,206238,206238,45.137.88.0/22,2a10:3780::/29,  4.045728,4.022052,4.132642,4.0668073333
19723,2001:1c04:3c09:e100:c24a:ff:fecc:6b1c,IPv6,ripe,NL,33915,33915,82.72.0.0/15,2001:1c00::/24, 15.295015,13.612201,15.71868,14.8752986667
19723,2001:1c04:3c09:e100:c24a:ff:fecc:6b1c,IPv6,ripe,NL,33915,33915,82.72.0.0/15,2001:1c00::/24, 15.71868,13.612201,15.71868,14.8752986667
19723,2001:1c04:3c09:e100:c24a:ff:fecc:6b1c,IPv6,ripe,NL,33915,33915,82.72.0.0/15,2001:1c00::/24,  13.612201,13.612201,15.71868,14.8752986667
2252,2a01:2a8:0:fffe:220:4aff:fee0:2271,IPv6,ripe,CH,1836,1836,146.228.0.0/16,2a01:2a8::/29, 8.372739,3.300097,63.228685,24.9671736667
2252,2a01:2a8:0:fffe:220:4aff:fee0:2271,IPv6,ripe,CH,1836,1836,146.228.0.0/16,2a01:2a8::/29, 3.300097,3.300097,63.228685,24.9671736667
2252,2a01:2a8:0:fffe:220:4aff:fee0:2271,IPv6,ripe,CH,1836,1836,146.228.0.0/16,2a01:2a8::/29,  63.228685,3.300097,63.228685,24.9671736667
27055,2001:9e8:3034:a000:16cc:20ff:fe48:be12,IPv6,ripe,DE,8881,8881,87.123.240.0/21,2001:9e8:2000::/35, 9.786876,7.581225,9.786876,8.360024
27055,2001:9e8:3034:a000:16cc:20ff:fe48:be12,IPv6,ripe,DE,8881,8881,87.123.240.0/21,2001:9e8:2000::/35, 7.711971,7.581225,9.786876,8.360024
27055,2001:9e8:3034:a000:16cc:20ff:fe48:be12,IPv6,ripe,DE,8881,8881,87.123.240.0/21,2001:9e8:2000::/35,  7.581225,7.581225,9.786876,8.360024
28137,2a02:2698:842a:1a8:f6f2:6dff:fe5d:a454,IPv6,ripe,RU,39028,39028,5.164.4.0/22,2a02:2698:842a::/48, 34.598919,32.19476,34.598919,33.2475206667
28137,2a02:2698:842a:1a8:f6f2:6dff:fe5d:a454,IPv6,ripe,RU,39028,39028,5.164.4.0/22,2a02:2698:842a::/48, 32.19476,32.19476,34.598919,33.2475206667
28137,2a02:2698:842a:1a8:f6f2:6dff:fe5d:a454,IPv6,ripe,RU,39028,39028,5.164.4.0/22,2a02:2698:842a::/48,  32.948883,32.19476,34.598919,33.2475206667
32032,2a02:908:d87:d20:1ad6:c7ff:fe22:50c6,IPv6,ripe,DE,3209,3209,84.118.0.0/16,2a02:908::/33, 61.084069,12.361623,61.084069,28.607472
32032,2a02:908:d87:d20:1ad6:c7ff:fe22:50c6,IPv6,ripe,DE,3209,3209,84.118.0.0/16,2a02:908::/33, 12.361623,12.361623,61.084069,28.607472
32032,2a02:908:d87:d20:1ad6:c7ff:fe22:50c6,IPv6,ripe,DE,3209,3209,84.118.0.0/16,2a02:908::/33,  12.376724,12.361623,61.084069,28.607472
4164,2a01:430:0:2b:280:a3ff:fe91:3fe8,IPv6,ripe,CZ,24971,24971,89.185.224.0/19,2a01:430::/32, 8.97485,6.799874,34.084614,16.6197793333
4164,2a01:430:0:2b:280:a3ff:fe91:3fe8,IPv6,ripe,CZ,24971,24971,89.185.224.0/19,2a01:430::/32, 6.799874,6.799874,34.084614,16.6197793333
4164,2a01:430:0:2b:280:a3ff:fe91:3fe8,IPv6,ripe,CZ,24971,24971,89.185.224.0/19,2a01:430::/32,  34.084614,6.799874,34.084614,16.6197793333
51171,2a01:799:1796:501:1:b1ff:fe22:9549,IPv6,ripe,NO,29695,29695,79.160.0.0/15,2a01:798::/29, 2.79325,2.753834,2.79325,2.777278
51171,2a01:799:1796:501:1:b1ff:fe22:9549,IPv6,ripe,NO,29695,29695,79.160.0.0/15,2a01:798::/29, 2.753834,2.753834,2.79325,2.777278
51171,2a01:799:1796:501:1:b1ff:fe22:9549,IPv6,ripe,NO,29695,29695,79.160.0.0/15,2a01:798::/29,  2.78475,2.753834,2.79325,2.777278
53821,2a0c:807:4614:5208:1:73ff:feab:7443,IPv6,ripe,DE,207439,207439,5.1.85.0/24,2a0c:800::/29, 9.862542,9.475375,9.862542,9.6542223333
53821,2a0c:807:4614:5208:1:73ff:feab:7443,IPv6,ripe,DE,207439,207439,5.1.85.0/24,2a0c:800::/29, 9.62475,9.475375,9.862542,9.6542223333
53821,2a0c:807:4614:5208:1:73ff:feab:7443,IPv6,ripe,DE,207439,207439,5.1.85.0/24,2a0c:800::/29,  9.475375,9.475375,9.862542,9.6542223333
54804,2a02:587:7612:ff00:1:bdff:fea2:37af,IPv6,ripe,GR,6799,6799,94.65.0.0/16,2a02:587:4000::/34, 16.931625,16.931625,17.832959,17.3934586667
54804,2a02:587:7612:ff00:1:bdff:fea2:37af,IPv6,ripe,GR,6799,6799,94.65.0.0/16,2a02:587:4000::/34, 17.415792,16.931625,17.832959,17.3934586667
54804,2a02:587:7612:ff00:1:bdff:fea2:37af,IPv6,ripe,GR,6799,6799,94.65.0.0/16,2a02:587:4000::/34,  17.832959,16.931625,17.832959,17.3934586667
61321,2a01:b340:63:e996:da58:d7ff:fe03:12d,IPv6,ripe,IE,15751,15751,212.129.80.0/20,2a01:b340::/32, 20.3389,10.517004,20.3389,14.169085
61321,2a01:b340:63:e996:da58:d7ff:fe03:12d,IPv6,ripe,IE,15751,15751,212.129.80.0/20,2a01:b340::/32, 11.651351,10.517004,20.3389,14.169085
61321,2a01:b340:63:e996:da58:d7ff:fe03:12d,IPv6,ripe,IE,15751,15751,212.129.80.0/20,2a01:b340::/32,  10.517004,10.517004,20.3389,14.169085
62002,2a02:2454:9950:8b00:da58:d7ff:fe03:5d,IPv6,ripe,DE,16202,16202,92.206.0.0/16,2a02:2454:8000::/33, 19.791328,16.501401,19.791328,18.238427
62002,2a02:2454:9950:8b00:da58:d7ff:fe03:5d,IPv6,ripe,DE,16202,16202,92.206.0.0/16,2a02:2454:8000::/33, 18.422552,16.501401,19.791328,18.238427
62002,2a02:2454:9950:8b00:da58:d7ff:fe03:5d,IPv6,ripe,DE,16202,16202,92.206.0.0/16,2a02:2454:8000::/33,  16.501401,16.501401,19.791328,18.238427
6728,2001:67c:1740:9050::164,IPv6,ripe,FR,34019,34019,193.17.192.0/24,2001:67c:1740::/48, 10.867001,10.846299,10.867001,10.8557406667
6728,2001:67c:1740:9050::164,IPv6,ripe,FR,34019,34019,193.17.192.0/24,2001:67c:1740::/48, 10.846299,10.846299,10.867001,10.8557406667
6728,2001:67c:1740:9050::164,IPv6,ripe,FR,34019,34019,193.17.192.0/24,2001:67c:1740::/48,  10.853922,10.846299,10.867001,10.8557406667
6802,2a02:cbf4:102::20,IPv6,ripe,DE,61157,61157,213.131.224.0/19,2a02:cbf4::/32, 4.718199,4.613955,4.822924,4.7183593333
6802,2a02:cbf4:102::20,IPv6,ripe,DE,61157,61157,213.131.224.0/19,2a02:cbf4::/32, 4.822924,4.613955,4.822924,4.7183593333
6802,2a02:cbf4:102::20,IPv6,ripe,DE,61157,61157,213.131.224.0/19,2a02:cbf4::/32,  4.613955,4.613955,4.822924,4.7183593333
6441,2001:67c:2e74:1::21,IPv6,ripe,SE,60396,60396,91.209.0.0/24,2001:67c:2e74::/48, 9.201567,9.201567,9.392981,9.3014433333
6441,2001:67c:2e74:1::21,IPv6,ripe,SE,60396,60396,91.209.0.0/24,2001:67c:2e74::/48, 9.309782,9.201567,9.392981,9.3014433333
6441,2001:67c:2e74:1::21,IPv6,ripe,SE,60396,60396,91.209.0.0/24,2001:67c:2e74::/48,  9.392981,9.201567,9.392981,9.3014433333
1000173,2804:10c8:1337:100::2,IPv6,lacnic,BR,263649,263649,177.74.144.0/23,2804:10c8:1337::/48, 221.037546,221.037546,221.228445,221.144579
1000173,2804:10c8:1337:100::2,IPv6,lacnic,BR,263649,263649,177.74.144.0/23,2804:10c8:1337::/48, 221.228445,221.037546,221.228445,221.144579
1000173,2804:10c8:1337:100::2,IPv6,lacnic,BR,263649,263649,177.74.144.0/23,2804:10c8:1337::/48,  221.167746,221.037546,221.228445,221.144579
1003171,2001:13c7:7001:500::73,IPv6,lacnic,UY,28000,28000,179.0.156.0/22,2001:13c7:7001::/48, 71.903389,67.019668,83.596572,74.1732096667
1003171,2001:13c7:7001:500::73,IPv6,lacnic,UY,28000,28000,179.0.156.0/22,2001:13c7:7001::/48, 83.596572,67.019668,83.596572,74.1732096667
1003171,2001:13c7:7001:500::73,IPv6,lacnic,UY,28000,28000,179.0.156.0/22,2001:13c7:7001::/48,  67.019668,67.019668,83.596572,74.1732096667
1003566,2a02:4780:13:c0de::17,IPv6,lacnic,BR,47583,47583,45.143.83.0/24,2a02:4780:13::/48, 113.323221,113.14046,113.323221,113.2416963333
1003566,2a02:4780:13:c0de::17,IPv6,lacnic,BR,47583,47583,45.143.83.0/24,2a02:4780:13::/48, 113.261408,113.14046,113.323221,113.2416963333
1003566,2a02:4780:13:c0de::17,IPv6,lacnic,BR,47583,47583,45.143.83.0/24,2a02:4780:13::/48,  113.14046,113.14046,113.323221,113.2416963333
1003567,2a02:4780:13:c0de::18,IPv6,lacnic,BR,47583,47583,45.143.83.0/24,2a02:4780:13::/48, 112.3489,112.087566,112.3489,112.2091393333
1003567,2a02:4780:13:c0de::18,IPv6,lacnic,BR,47583,47583,45.143.83.0/24,2a02:4780:13::/48, 112.087566,112.087566,112.3489,112.2091393333
1003567,2a02:4780:13:c0de::18,IPv6,lacnic,BR,47583,47583,45.143.83.0/24,2a02:4780:13::/48,  112.190952,112.087566,112.3489,112.2091393333
1003966,2803:5440:ffff:ffff::129,IPv6,lacnic,AR,264738,264738,138.118.214.0/24,2803:5440:ffff::/48, 150.574928,150.571354,150.806593,150.6509583333
1003966,2803:5440:ffff:ffff::129,IPv6,lacnic,AR,264738,264738,138.118.214.0/24,2803:5440:ffff::/48, 150.806593,150.571354,150.806593,150.6509583333
1003966,2803:5440:ffff:ffff::129,IPv6,lacnic,AR,264738,264738,138.118.214.0/24,2803:5440:ffff::/48,  150.571354,150.571354,150.806593,150.6509583333
12927,2800:300:6241:1eb0:a2f3:c1ff:fec4:591a,IPv6,lacnic,CL,27651,27651,181.43.6.0/24,2800:300:6240::/44, 5.662729,5.662729,11.436338,8.16697
12927,2800:300:6241:1eb0:a2f3:c1ff:fec4:591a,IPv6,lacnic,CL,27651,27651,181.43.6.0/24,2800:300:6240::/44, 7.401843,5.662729,11.436338,8.16697
12927,2800:300:6241:1eb0:a2f3:c1ff:fec4:591a,IPv6,lacnic,CL,27651,27651,181.43.6.0/24,2800:300:6240::/44,  11.436338,5.662729,11.436338,8.16697
24628,2804:1b3:a242:3a15:c66e:1fff:fe5b:e302,IPv6,lacnic,BR,27699,18881,191.193.0.0/16,2804:1b3:a000::/37, 113.7662,112.844012,113.7662,113.206173
24628,2804:1b3:a242:3a15:c66e:1fff:fe5b:e302,IPv6,lacnic,BR,27699,18881,191.193.0.0/16,2804:1b3:a000::/37, 112.844012,112.844012,113.7662,113.206173
24628,2804:1b3:a242:3a15:c66e:1fff:fe5b:e302,IPv6,lacnic,BR,27699,18881,191.193.0.0/16,2804:1b3:a000::/37,  113.008307,112.844012,113.7662,113.206173
26736,2a01:cb20:8051:9900:c66e:1fff:fe5b:e72a,IPv6,lacnic,GF,3215,3215,92.142.0.0/17,2a01:cb20:8000::/36, 76.87753,71.805155,76.87753,73.67839
26736,2a01:cb20:8051:9900:c66e:1fff:fe5b:e72a,IPv6,lacnic,GF,3215,3215,92.142.0.0/17,2a01:cb20:8000::/36, 72.352485,71.805155,76.87753,73.67839
26736,2a01:cb20:8051:9900:c66e:1fff:fe5b:e72a,IPv6,lacnic,GF,3215,3215,92.142.0.0/17,2a01:cb20:8000::/36,  71.805155,71.805155,76.87753,73.67839
27636,2804:431:d77e:f3aa:f6f2:6dff:fe5d:9428,IPv6,lacnic,BR,27699,27699,152.249.0.0/16,2804:431:d000::/37, 120.812493,117.952463,121.179175,119.981377
27636,2804:431:d77e:f3aa:f6f2:6dff:fe5d:9428,IPv6,lacnic,BR,27699,27699,152.249.0.0/16,2804:431:d000::/37, 117.952463,117.952463,121.179175,119.981377
27636,2804:431:d77e:f3aa:f6f2:6dff:fe5d:9428,IPv6,lacnic,BR,27699,27699,152.249.0.0/16,2804:431:d000::/37,  121.179175,117.952463,121.179175,119.981377
28197,2804:14d:688d:aba:f6f2:6dff:fe5d:c006,IPv6,lacnic,BR,28573,28573,201.75.160.0/19,2804:14d:688d::/48, 136.833346,133.59895,145.447696,138.626664
28197,2804:14d:688d:aba:f6f2:6dff:fe5d:c006,IPv6,lacnic,BR,28573,28573,201.75.160.0/19,2804:14d:688d::/48, 145.447696,133.59895,145.447696,138.626664
28197,2804:14d:688d:aba:f6f2:6dff:fe5d:c006,IPv6,lacnic,BR,28573,28573,201.75.160.0/19,2804:14d:688d::/48,  133.59895,133.59895,145.447696,138.626664
30045,2803:d480:0:80::3d58,IPv6,lacnic,VE,8053,8053,181.225.41.0/24,2803:d480::/32, 39.120639,39.120639,39.163275,39.1474076667
30045,2803:d480:0:80::3d58,IPv6,lacnic,VE,8053,8053,181.225.41.0/24,2803:d480::/32, 39.158309,39.120639,39.163275,39.1474076667
30045,2803:d480:0:80::3d58,IPv6,lacnic,VE,8053,8053,181.225.41.0/24,2803:d480::/32,  39.163275,39.120639,39.163275,39.1474076667
32169,2803:9400:3:2c83:d66e:eff:fe23:6cb8,IPv6,lacnic,BO,27839,27839,181.177.176.0/21,2803:9400::/33, 12.015411,11.171608,12.015411,11.723755
32169,2803:9400:3:2c83:d66e:eff:fe23:6cb8,IPv6,lacnic,BO,27839,27839,181.177.176.0/21,2803:9400::/33, 11.171608,11.171608,12.015411,11.723755
32169,2803:9400:3:2c83:d66e:eff:fe23:6cb8,IPv6,lacnic,BO,27839,27839,181.177.176.0/21,2803:9400::/33,  11.984246,11.171608,12.015411,11.723755
4113,2800:a8:a05::2013,IPv6,lacnic,UY,6057,6057,190.64.192.0/20,2800:a8::/31, 30.928902,30.928902,37.392392,33.287943
4113,2800:a8:a05::2013,IPv6,lacnic,UY,6057,6057,190.64.192.0/20,2800:a8::/31, 31.542535,30.928902,37.392392,33.287943
4113,2800:a8:a05::2013,IPv6,lacnic,UY,6057,6057,190.64.192.0/20,2800:a8::/31,  37.392392,30.928902,37.392392,33.287943
50041,2800:810:439:8610:1:ceff:fe34:f027,IPv6,lacnic,AR,27747,27747,200.125.64.0/20,2800:810:439::/48, 164.583375,164.583375,164.80275,164.683764
50041,2800:810:439:8610:1:ceff:fe34:f027,IPv6,lacnic,AR,27747,27747,200.125.64.0/20,2800:810:439::/48, 164.80275,164.583375,164.80275,164.683764
50041,2800:810:439:8610:1:ceff:fe34:f027,IPv6,lacnic,AR,27747,27747,200.125.64.0/20,2800:810:439::/48,  164.665167,164.583375,164.80275,164.683764
6554,2001:1398:1:0:200:1:122:55,IPv6,lacnic,CL,27678,27678,200.1.122.0/23,2001:1398:1::/48, 4.86801,1.71134,4.86801,3.4795773333
6554,2001:1398:1:0:200:1:122:55,IPv6,lacnic,CL,27678,27678,200.1.122.0/23,2001:1398:1::/48, 3.859382,1.71134,4.86801,3.4795773333
6554,2001:1398:1:0:200:1:122:55,IPv6,lacnic,CL,27678,27678,200.1.122.0/23,2001:1398:1::/48,  1.71134,1.71134,4.86801,3.4795773333
6602,2607:f740:1::5,IPv6,lacnic,BR,36236,36236,148.163.220.0/24,2607:f740:1::/48, 111.094444,111.018053,111.094444,111.0650683333
6602,2607:f740:1::5,IPv6,lacnic,BR,36236,36236,148.163.220.0/24,2607:f740:1::/48, 111.018053,111.018053,111.094444,111.0650683333
6602,2607:f740:1::5,IPv6,lacnic,BR,36236,36236,148.163.220.0/24,2607:f740:1::/48,  111.082708,111.018053,111.094444,111.0650683333
6659,2a03:90c0:186::a5,IPv6,lacnic,BR,202422,199524,5.188.238.0/24,2a03:90c0:180::/44, 110.973156,110.88766,110.973156,110.9217253333
6659,2a03:90c0:186::a5,IPv6,lacnic,BR,202422,199524,5.188.238.0/24,2a03:90c0:180::/44, 110.88766,110.88766,110.973156,110.9217253333
6659,2a03:90c0:186::a5,IPv6,lacnic,BR,202422,199524,5.188.238.0/24,2a03:90c0:180::/44,  110.90436,110.88766,110.973156,110.9217253333
7019,2804:1f04:3000:138::10,IPv6,lacnic,BR,53046,53046,143.208.160.0/22,2804:1f04::/32, 0.601787,0.495185,0.691519,0.5961636667
7019,2804:1f04:3000:138::10,IPv6,lacnic,BR,53046,53046,143.208.160.0/22,2804:1f04::/32, 0.495185,0.495185,0.691519,0.5961636667
7019,2804:1f04:3000:138::10,IPv6,lacnic,BR,53046,53046,143.208.160.0/22,2804:1f04::/32,  0.691519,0.495185,0.691519,0.5961636667
7124,2803:8240:50:1000::34,IPv6,lacnic,CL,52511,52511,138.186.8.0/22,2803:8240::/32, 19.013027,5.824647,19.013027,11.89339
7124,2803:8240:50:1000::34,IPv6,lacnic,CL,52511,52511,138.186.8.0/22,2803:8240::/32, 5.824647,5.824647,19.013027,11.89339
7124,2803:8240:50:1000::34,IPv6,lacnic,CL,52511,52511,138.186.8.0/22,2803:8240::/32,  10.842496,5.824647,19.013027,11.89339
7147,2800:a8:a05::2019,IPv6,lacnic,UY,6057,6057,190.64.192.0/20,2800:a8::/31, 33.787423,32.389035,33.829207,33.3352216667
7147,2800:a8:a05::2019,IPv6,lacnic,UY,6057,6057,190.64.192.0/20,2800:a8::/31, 33.829207,32.389035,33.829207,33.3352216667
7147,2800:a8:a05::2019,IPv6,lacnic,UY,6057,6057,190.64.192.0/20,2800:a8::/31,  32.389035,32.389035,33.829207,33.3352216667
7163,2803:4480:7001::c02:77:2,IPv6,lacnic,PE,263189,263189,179.43.96.0/24,2803:4480:6000::/35, 210.688348,210.556865,210.701387,210.6488666667
7163,2803:4480:7001::c02:77:2,IPv6,lacnic,PE,263189,263189,179.43.96.0/24,2803:4480:6000::/35, 210.556865,210.556865,210.701387,210.6488666667
7163,2803:4480:7001::c02:77:2,IPv6,lacnic,PE,263189,263189,179.43.96.0/24,2803:4480:6000::/35,  210.701387,210.556865,210.701387,210.6488666667
1000173,10.10.10.2,IPv4,lacnic,BR,263649,263649,177.74.144.0/23,2804:10c8:1337::/48, 133.629834,128.872807,133.629834,130.6358873333
1000173,10.10.10.2,IPv4,lacnic,BR,263649,263649,177.74.144.0/23,2804:10c8:1337::/48, 129.405021,128.872807,133.629834,130.6358873333
1000173,10.10.10.2,IPv4,lacnic,BR,263649,263649,177.74.144.0/23,2804:10c8:1337::/48,  128.872807,128.872807,133.629834,130.6358873333
1003171,179.0.156.73,IPv4,lacnic,UY,28000,28000,179.0.156.0/22,2001:13c7:7001::/48, 34.064908,34.064908,73.474541,51.130363
1003171,179.0.156.73,IPv4,lacnic,UY,28000,28000,179.0.156.0/22,2001:13c7:7001::/48, 45.85164,34.064908,73.474541,51.130363
1003171,179.0.156.73,IPv4,lacnic,UY,28000,28000,179.0.156.0/22,2001:13c7:7001::/48,  73.474541,34.064908,73.474541,51.130363
1003566,45.143.83.77,IPv4,lacnic,BR,47583,47583,45.143.83.0/24,2a02:4780:13::/48, 113.74444,113.593736,113.74444,113.654006
1003566,45.143.83.77,IPv4,lacnic,BR,47583,47583,45.143.83.0/24,2a02:4780:13::/48, 113.593736,113.593736,113.74444,113.654006
1003566,45.143.83.77,IPv4,lacnic,BR,47583,47583,45.143.83.0/24,2a02:4780:13::/48,  113.623842,113.593736,113.74444,113.654006
1003567,45.143.83.78,IPv4,lacnic,BR,47583,47583,45.143.83.0/24,2a02:4780:13::/48, 114.360408,114.360408,114.45989,114.426509
1003567,45.143.83.78,IPv4,lacnic,BR,47583,47583,45.143.83.0/24,2a02:4780:13::/48, 114.459229,114.360408,114.45989,114.426509
1003567,45.143.83.78,IPv4,lacnic,BR,47583,47583,45.143.83.0/24,2a02:4780:13::/48,  114.45989,114.360408,114.45989,114.426509
1003966,172.16.2.129,IPv4,lacnic,AR,264738,264738,138.118.214.0/24,2803:5440:ffff::/48, 157.59587,157.571329,158.10134,157.7561796667
1003966,172.16.2.129,IPv4,lacnic,AR,264738,264738,138.118.214.0/24,2803:5440:ffff::/48, 157.571329,157.571329,158.10134,157.7561796667
1003966,172.16.2.129,IPv4,lacnic,AR,264738,264738,138.118.214.0/24,2803:5440:ffff::/48,  158.10134,157.571329,158.10134,157.7561796667
12160,192.168.1.2,IPv4,lacnic,UY,6057,6057,201.217.144.0/20,2800:ae::/31, 36.787187,35.305217,36.787187,35.947808
12160,192.168.1.2,IPv4,lacnic,UY,6057,6057,201.217.144.0/20,2800:ae::/31, 35.305217,35.305217,36.787187,35.947808
12160,192.168.1.2,IPv4,lacnic,UY,6057,6057,201.217.144.0/20,2800:ae::/31,  35.75102,35.305217,36.787187,35.947808
12927,192.168.100.131,IPv4,lacnic,CL,27651,27651,181.43.6.0/24,2800:300:6240::/44, 5.800503,4.819543,39.241642,16.6205626667
12927,192.168.100.131,IPv4,lacnic,CL,27651,27651,181.43.6.0/24,2800:300:6240::/44, 39.241642,4.819543,39.241642,16.6205626667
12927,192.168.100.131,IPv4,lacnic,CL,27651,27651,181.43.6.0/24,2800:300:6240::/44,  4.819543,4.819543,39.241642,16.6205626667
24628,192.168.50.30,IPv4,lacnic,BR,27699,18881,191.193.0.0/16,2804:1b3:a000::/37, 116.881061,115.39884,116.881061,116.264029
24628,192.168.50.30,IPv4,lacnic,BR,27699,18881,191.193.0.0/16,2804:1b3:a000::/37, 116.512186,115.39884,116.881061,116.264029
24628,192.168.50.30,IPv4,lacnic,BR,27699,18881,191.193.0.0/16,2804:1b3:a000::/37,  115.39884,115.39884,116.881061,116.264029
26736,192.168.1.15,IPv4,lacnic,GF,3215,3215,92.142.0.0/17,2a01:cb20:8000::/36, 73.030674,73.030674,78.318204,76.5254106667
26736,192.168.1.15,IPv4,lacnic,GF,3215,3215,92.142.0.0/17,2a01:cb20:8000::/36, 78.318204,73.030674,78.318204,76.5254106667
26736,192.168.1.15,IPv4,lacnic,GF,3215,3215,92.142.0.0/17,2a01:cb20:8000::/36,  78.227354,73.030674,78.318204,76.5254106667
27636,192.168.15.82,IPv4,lacnic,BR,27699,27699,152.249.0.0/16,2804:431:d000::/37, 123.661383,121.021643,124.62999,123.1043386667
27636,192.168.15.82,IPv4,lacnic,BR,27699,27699,152.249.0.0/16,2804:431:d000::/37, 124.62999,121.021643,124.62999,123.1043386667
27636,192.168.15.82,IPv4,lacnic,BR,27699,27699,152.249.0.0/16,2804:431:d000::/37,  121.021643,121.021643,124.62999,123.1043386667
27927,192.168.161.36,IPv4,lacnic,AR,11664,6939,186.158.236.0/24,2001:470::/32, 21.533295,20.82747,21.96527,21.4420116667
27927,192.168.161.36,IPv4,lacnic,AR,11664,6939,186.158.236.0/24,2001:470::/32, 20.82747,20.82747,21.96527,21.4420116667
27927,192.168.161.36,IPv4,lacnic,AR,11664,6939,186.158.236.0/24,2001:470::/32,  21.96527,20.82747,21.96527,21.4420116667
28197,192.168.0.3,IPv4,lacnic,BR,28573,28573,201.75.160.0/19,2804:14d:688d::/48, 156.487819,138.912185,156.487819,146.506934
28197,192.168.0.3,IPv4,lacnic,BR,28573,28573,201.75.160.0/19,2804:14d:688d::/48, 138.912185,138.912185,156.487819,146.506934
28197,192.168.0.3,IPv4,lacnic,BR,28573,28573,201.75.160.0/19,2804:14d:688d::/48,  144.120798,138.912185,156.487819,146.506934
30045,181.225.41.78,IPv4,lacnic,VE,8053,8053,181.225.41.0/24,2803:d480::/32, 64.765902,64.583233,64.765902,64.6904856667
30045,181.225.41.78,IPv4,lacnic,VE,8053,8053,181.225.41.0/24,2803:d480::/32, 64.583233,64.583233,64.765902,64.6904856667
30045,181.225.41.78,IPv4,lacnic,VE,8053,8053,181.225.41.0/24,2803:d480::/32,  64.722322,64.583233,64.765902,64.6904856667
32169,192.168.1.69,IPv4,lacnic,BO,27839,27839,181.177.176.0/21,2803:9400::/33, 8.243158,8.243158,10.207882,9.4847623333
32169,192.168.1.69,IPv4,lacnic,BO,27839,27839,181.177.176.0/21,2803:9400::/33, 10.003247,8.243158,10.207882,9.4847623333
32169,192.168.1.69,IPv4,lacnic,BO,27839,27839,181.177.176.0/21,2803:9400::/33,  10.207882,8.243158,10.207882,9.4847623333
4113,190.64.201.3,IPv4,lacnic,UY,6057,6057,190.64.192.0/20,2800:a8::/31, 31.474182,31.255302,54.235403,38.9882956667
4113,190.64.201.3,IPv4,lacnic,UY,6057,6057,190.64.192.0/20,2800:a8::/31, 54.235403,31.255302,54.235403,38.9882956667
4113,190.64.201.3,IPv4,lacnic,UY,6057,6057,190.64.192.0/20,2800:a8::/31,  31.255302,31.255302,54.235403,38.9882956667
50041,192.168.0.2,IPv4,lacnic,AR,27747,27747,200.125.64.0/20,2800:810:439::/48, 14.283917,14.283917,14.855834,14.475542
50041,192.168.0.2,IPv4,lacnic,AR,27747,27747,200.125.64.0/20,2800:810:439::/48, 14.286875,14.283917,14.855834,14.475542
50041,192.168.0.2,IPv4,lacnic,AR,27747,27747,200.125.64.0/20,2800:810:439::/48,  14.855834,14.283917,14.855834,14.475542
6554,200.1.122.55,IPv4,lacnic,CL,27678,27678,200.1.122.0/23,2001:1398:1::/48, 7.915169,3.700979,7.915169,5.5293236667
6554,200.1.122.55,IPv4,lacnic,CL,27678,27678,200.1.122.0/23,2001:1398:1::/48, 4.971823,3.700979,7.915169,5.5293236667
6554,200.1.122.55,IPv4,lacnic,CL,27678,27678,200.1.122.0/23,2001:1398:1::/48,  3.700979,3.700979,7.915169,5.5293236667
6602,148.163.220.5,IPv4,lacnic,BR,36236,36236,148.163.220.0/24,2607:f740:1::/48, 107.446827,107.446827,107.582753,107.5317483333
6602,148.163.220.5,IPv4,lacnic,BR,36236,36236,148.163.220.0/24,2607:f740:1::/48, 107.582753,107.446827,107.582753,107.5317483333
6602,148.163.220.5,IPv4,lacnic,BR,36236,36236,148.163.220.0/24,2607:f740:1::/48,  107.565665,107.446827,107.582753,107.5317483333
6659,5.188.238.222,IPv4,lacnic,BR,202422,199524,5.188.238.0/24,2a03:90c0:180::/44, 106.876844,106.806161,106.876844,106.8330163333
6659,5.188.238.222,IPv4,lacnic,BR,202422,199524,5.188.238.0/24,2a03:90c0:180::/44, 106.806161,106.806161,106.876844,106.8330163333
6659,5.188.238.222,IPv4,lacnic,BR,202422,199524,5.188.238.0/24,2a03:90c0:180::/44,  106.816044,106.806161,106.876844,106.8330163333
7019,143.208.160.10,IPv4,lacnic,BR,53046,53046,143.208.160.0/22,2804:1f04::/32, 0.755221,0.48619,0.755221,0.5977803333
7019,143.208.160.10,IPv4,lacnic,BR,53046,53046,143.208.160.0/22,2804:1f04::/32, 0.48619,0.48619,0.755221,0.5977803333
7019,143.208.160.10,IPv4,lacnic,BR,53046,53046,143.208.160.0/22,2804:1f04::/32,  0.55193,0.48619,0.755221,0.5977803333
7124,138.186.10.34,IPv4,lacnic,CL,52511,52511,138.186.8.0/22,2803:8240::/32, 4.843248,3.816128,6.262529,4.9739683333
7124,138.186.10.34,IPv4,lacnic,CL,52511,52511,138.186.8.0/22,2803:8240::/32, 3.816128,3.816128,6.262529,4.9739683333
7124,138.186.10.34,IPv4,lacnic,CL,52511,52511,138.186.8.0/22,2803:8240::/32,  6.262529,3.816128,6.262529,4.9739683333
7147,190.64.201.9,IPv4,lacnic,UY,6057,6057,190.64.192.0/20,2800:a8::/31, 35.49197,33.576197,38.192311,35.7534926667
7147,190.64.201.9,IPv4,lacnic,UY,6057,6057,190.64.192.0/20,2800:a8::/31, 33.576197,33.576197,38.192311,35.7534926667
7147,190.64.201.9,IPv4,lacnic,UY,6057,6057,190.64.192.0/20,2800:a8::/31,  38.192311,33.576197,38.192311,35.7534926667
7163,179.43.96.85,IPv4,lacnic,PE,263189,263189,179.43.96.0/24,2803:4480:6000::/35, 12.746271,12.575847,12.746271,12.6351046667
7163,179.43.96.85,IPv4,lacnic,PE,263189,263189,179.43.96.0/24,2803:4480:6000::/35, 12.575847,12.575847,12.746271,12.6351046667
7163,179.43.96.85,IPv4,lacnic,PE,263189,263189,179.43.96.0/24,2803:4480:6000::/35,  12.583196,12.575847,12.746271,12.6351046667
1000143,150.145.72.97,IPv4,ripe,IT,137,137,150.145.0.0/16,2a00:1620:90::/48, 25.562264,25.562264,25.661637,25.6221433333
1000143,150.145.72.97,IPv4,ripe,IT,137,137,150.145.0.0/16,2a00:1620:90::/48, 25.642529,25.562264,25.661637,25.6221433333
1000143,150.145.72.97,IPv4,ripe,IT,137,137,150.145.0.0/16,2a00:1620:90::/48,  25.661637,25.562264,25.661637,25.6221433333
1000362,213.211.59.28,IPv4,ripe,CZ,12570,6939,213.211.32.0/19,2001:470::/32, 12.945522,12.945522,15.704386,13.963005
1000362,213.211.59.28,IPv4,ripe,CZ,12570,6939,213.211.32.0/19,2001:470::/32, 15.704386,12.945522,15.704386,13.963005
1000362,213.211.59.28,IPv4,ripe,CZ,12570,6939,213.211.32.0/19,2001:470::/32,  13.239107,12.945522,15.704386,13.963005
1000431,109.49.136.112,IPv4,ripe,PT,2860,2860,109.49.128.0/18,2a01:10::/29, 17.095074,16.43282,17.095074,16.678405
1000431,109.49.136.112,IPv4,ripe,PT,2860,2860,109.49.128.0/18,2a01:10::/29, 16.507321,16.43282,17.095074,16.678405
1000431,109.49.136.112,IPv4,ripe,PT,2860,2860,109.49.128.0/18,2a01:10::/29,  16.43282,16.43282,17.095074,16.678405
1001434,100.103.48.132,IPv4,ripe,DE,199284,199284,178.19.226.0/23,2a01:75c0:1000::/36, 11.415579,11.153127,11.415579,11.2656176667
1001434,100.103.48.132,IPv4,ripe,DE,199284,199284,178.19.226.0/23,2a01:75c0:1000::/36, 11.228147,11.153127,11.415579,11.2656176667
1001434,100.103.48.132,IPv4,ripe,DE,199284,199284,178.19.226.0/23,2a01:75c0:1000::/36,  11.153127,11.153127,11.415579,11.2656176667
1003964,172.31.30.91,IPv4,ripe,IE,16509,16509,52.30.0.0/15,2a05:d018:1000::/36, 1.008816,1.004606,1.03092,1.0147806667
1003964,172.31.30.91,IPv4,ripe,IE,16509,16509,52.30.0.0/15,2a05:d018:1000::/36, 1.03092,1.004606,1.03092,1.0147806667
1003964,172.31.30.91,IPv4,ripe,IE,16509,16509,52.30.0.0/15,2a05:d018:1000::/36,  1.004606,1.004606,1.03092,1.0147806667
1003981,172.31.31.241,IPv4,ripe,IT,16509,16509,15.161.0.0/16,2a05:d01a:800::/38, 10.865075,10.794627,10.865075,10.824564
1003981,172.31.31.241,IPv4,ripe,IT,16509,16509,15.161.0.0/16,2a05:d01a:800::/38, 10.81399,10.794627,10.865075,10.824564
1003981,172.31.31.241,IPv4,ripe,IT,16509,16509,15.161.0.0/16,2a05:d01a:800::/38,  10.794627,10.794627,10.865075,10.824564
1004961,192.168.88.18,IPv4,ripe,GB,2856,2856,109.144.0.0/12,2a00:2380::/25, 4.134402,4.134402,4.237958,4.1788836667
1004961,192.168.88.18,IPv4,ripe,GB,2856,2856,109.144.0.0/12,2a00:2380::/25, 4.237958,4.134402,4.237958,4.1788836667
1004961,192.168.88.18,IPv4,ripe,GB,2856,2856,109.144.0.0/12,2a00:2380::/25,  4.164291,4.134402,4.237958,4.1788836667
10770,192.168.128.6,IPv4,ripe,CH,13030,13030,212.51.144.0/20,2a02:168::/32, 1.397359,1.250839,1.397359,1.3134873333
10770,192.168.128.6,IPv4,ripe,CH,13030,13030,212.51.144.0/20,2a02:168::/32, 1.292264,1.250839,1.397359,1.3134873333
10770,192.168.128.6,IPv4,ripe,CH,13030,13030,212.51.144.0/20,2a02:168::/32,  1.250839,1.250839,1.397359,1.3134873333
15448,192.168.28.32,IPv4,ripe,NL,206238,206238,45.137.88.0/22,2a10:3780::/29, 4.152818,4.064408,4.152818,4.1093296667
15448,192.168.28.32,IPv4,ripe,NL,206238,206238,45.137.88.0/22,2a10:3780::/29, 4.110763,4.064408,4.152818,4.1093296667
15448,192.168.28.32,IPv4,ripe,NL,206238,206238,45.137.88.0/22,2a10:3780::/29,  4.064408,4.064408,4.152818,4.1093296667
19723,192.168.178.18,IPv4,ripe,NL,33915,33915,82.72.0.0/15,2001:1c00::/24, 15.19465,12.360013,15.61727,14.3906443333
19723,192.168.178.18,IPv4,ripe,NL,33915,33915,82.72.0.0/15,2001:1c00::/24, 15.61727,12.360013,15.61727,14.3906443333
19723,192.168.178.18,IPv4,ripe,NL,33915,33915,82.72.0.0/15,2001:1c00::/24,  12.360013,12.360013,15.61727,14.3906443333
2252,146.228.61.37,IPv4,ripe,CH,1836,1836,146.228.0.0/16,2a01:2a8::/29, 20.548612,5.223169,20.548612,13.1025946667
2252,146.228.61.37,IPv4,ripe,CH,1836,1836,146.228.0.0/16,2a01:2a8::/29, 13.536003,5.223169,20.548612,13.1025946667
2252,146.228.61.37,IPv4,ripe,CH,1836,1836,146.228.0.0/16,2a01:2a8::/29,  5.223169,5.223169,20.548612,13.1025946667
27055,192.168.213.41,IPv4,ripe,DE,8881,8881,87.123.240.0/21,2001:9e8:2000::/35, 8.483165,7.435339,8.833377,8.250627
27055,192.168.213.41,IPv4,ripe,DE,8881,8881,87.123.240.0/21,2001:9e8:2000::/35, 8.833377,7.435339,8.833377,8.250627
27055,192.168.213.41,IPv4,ripe,DE,8881,8881,87.123.240.0/21,2001:9e8:2000::/35,  7.435339,7.435339,8.833377,8.250627
28137,192.168.0.254,IPv4,ripe,RU,39028,39028,5.164.4.0/22,2a02:2698:842a::/48, 45.644395,44.263656,45.644395,44.8445576667
28137,192.168.0.254,IPv4,ripe,RU,39028,39028,5.164.4.0/22,2a02:2698:842a::/48, 44.263656,44.263656,45.644395,44.8445576667
28137,192.168.0.254,IPv4,ripe,RU,39028,39028,5.164.4.0/22,2a02:2698:842a::/48,  44.625622,44.263656,45.644395,44.8445576667
32032,192.168.122.40,IPv4,ripe,DE,3209,3209,84.118.0.0/16,2a02:908::/33, 14.619633,14.619633,17.933936,16.662206
32032,192.168.122.40,IPv4,ripe,DE,3209,3209,84.118.0.0/16,2a02:908::/33, 17.433049,14.619633,17.933936,16.662206
32032,192.168.122.40,IPv4,ripe,DE,3209,3209,84.118.0.0/16,2a02:908::/33,  17.933936,14.619633,17.933936,16.662206
4164,89.185.224.176,IPv4,ripe,CZ,24971,24971,89.185.224.0/19,2a01:430::/32, 20.404228,4.147969,20.404228,9.9683863333
4164,89.185.224.176,IPv4,ripe,CZ,24971,24971,89.185.224.0/19,2a01:430::/32, 4.147969,4.147969,20.404228,9.9683863333
4164,89.185.224.176,IPv4,ripe,CZ,24971,24971,89.185.224.0/19,2a01:430::/32,  5.352962,4.147969,20.404228,9.9683863333
51171,192.168.102.100,IPv4,ripe,NO,29695,29695,79.160.0.0/15,2a01:798::/29, 4.196209,2.884625,4.196209,3.353181
51171,192.168.102.100,IPv4,ripe,NO,29695,29695,79.160.0.0/15,2a01:798::/29, 2.884625,2.884625,4.196209,3.353181
51171,192.168.102.100,IPv4,ripe,NO,29695,29695,79.160.0.0/15,2a01:798::/29,  2.978709,2.884625,4.196209,3.353181
53821,100.71.2.60,IPv4,ripe,DE,207439,207439,5.1.85.0/24,2a0c:800::/29, 10.05275,9.769334,10.05275,9.9004306667
53821,100.71.2.60,IPv4,ripe,DE,207439,207439,5.1.85.0/24,2a0c:800::/29, 9.879208,9.769334,10.05275,9.9004306667
53821,100.71.2.60,IPv4,ripe,DE,207439,207439,5.1.85.0/24,2a0c:800::/29,  9.769334,9.769334,10.05275,9.9004306667
54804,172.19.26.100,IPv4,ripe,GR,6799,6799,94.65.0.0/16,2a02:587:4000::/34, 17.613917,17.067917,17.613917,17.2810416667
54804,172.19.26.100,IPv4,ripe,GR,6799,6799,94.65.0.0/16,2a02:587:4000::/34, 17.067917,17.067917,17.613917,17.2810416667
54804,172.19.26.100,IPv4,ripe,GR,6799,6799,94.65.0.0/16,2a02:587:4000::/34,  17.161291,17.067917,17.613917,17.2810416667
61321,192.168.8.167,IPv4,ripe,IE,15751,15751,212.129.80.0/20,2a01:b340::/32, 36.37259,34.093014,44.190697,38.218767
61321,192.168.8.167,IPv4,ripe,IE,15751,15751,212.129.80.0/20,2a01:b340::/32, 44.190697,34.093014,44.190697,38.218767
61321,192.168.8.167,IPv4,ripe,IE,15751,15751,212.129.80.0/20,2a01:b340::/32,  34.093014,34.093014,44.190697,38.218767
62002,192.168.178.3,IPv4,ripe,DE,16202,16202,92.206.0.0/16,2a02:2454:8000::/33, 18.544964,16.978969,22.953643,19.4925253333
62002,192.168.178.3,IPv4,ripe,DE,16202,16202,92.206.0.0/16,2a02:2454:8000::/33, 22.953643,16.978969,22.953643,19.4925253333
62002,192.168.178.3,IPv4,ripe,DE,16202,16202,92.206.0.0/16,2a02:2454:8000::/33,  16.978969,16.978969,22.953643,19.4925253333
6728,193.17.192.164,IPv4,ripe,FR,34019,34019,193.17.192.0/24,2001:67c:1740::/48, 10.652774,10.575732,10.652774,10.6060056667
6728,193.17.192.164,IPv4,ripe,FR,34019,34019,193.17.192.0/24,2001:67c:1740::/48, 10.575732,10.575732,10.652774,10.6060056667
6728,193.17.192.164,IPv4,ripe,FR,34019,34019,193.17.192.0/24,2001:67c:1740::/48,  10.589511,10.575732,10.652774,10.6060056667
6802,213.131.234.24,IPv4,ripe,DE,61157,61157,213.131.224.0/19,2a02:cbf4::/32, 7.327015,7.038758,7.327015,7.138822
6802,213.131.234.24,IPv4,ripe,DE,61157,61157,213.131.224.0/19,2a02:cbf4::/32, 7.050693,7.038758,7.327015,7.138822
6802,213.131.234.24,IPv4,ripe,DE,61157,61157,213.131.224.0/19,2a02:cbf4::/32,  7.038758,7.038758,7.327015,7.138822
6441,91.209.0.21,IPv4,ripe,SE,60396,60396,91.209.0.0/24,2001:67c:2e74::/48, 9.26643,9.20971,9.314756,9.263632
6441,91.209.0.21,IPv4,ripe,SE,60396,60396,91.209.0.0/24,2001:67c:2e74::/48, 9.20971,9.20971,9.314756,9.263632
6441,91.209.0.21,IPv4,ripe,SE,60396,60396,91.209.0.0/24,2001:67c:2e74::/48,  9.314756,9.20971,9.314756,9.263632
10243,192.168.253.116,IPv4,afrinic,TZ,37084,37084,41.221.32.0/21,2001:4258::/32, 3.67764,1.07299,3.67764,1.9625383333
10243,192.168.253.116,IPv4,afrinic,TZ,37084,37084,41.221.32.0/21,2001:4258::/32, 1.07299,1.07299,3.67764,1.9625383333
10243,192.168.253.116,IPv4,afrinic,TZ,37084,37084,41.221.32.0/21,2001:4258::/32,  1.136985,1.07299,3.67764,1.9625383333
13725,105.16.144.2,IPv4,afrinic,MZ,37100,37100,105.16.0.0/12,2c0f:feb0::/32, 16.210922,16.139427,16.390733,16.2470273333
13725,105.16.144.2,IPv4,afrinic,MZ,37100,37100,105.16.0.0/12,2c0f:feb0::/32, 16.390733,16.139427,16.390733,16.2470273333
13725,105.16.144.2,IPv4,afrinic,MZ,37100,37100,105.16.0.0/12,2c0f:feb0::/32,  16.139427,16.139427,16.390733,16.2470273333
13888,197.255.144.18,IPv4,afrinic,ZA,15022,15022,197.255.144.0/23,2001:43d8::/32, 6.872885,0.592922,6.872885,2.7149363333
13888,197.255.144.18,IPv4,afrinic,ZA,15022,15022,197.255.144.0/23,2001:43d8::/32, 0.592922,0.592922,6.872885,2.7149363333
13888,197.255.144.18,IPv4,afrinic,ZA,15022,15022,197.255.144.0/23,2001:43d8::/32,  0.679002,0.592922,6.872885,2.7149363333
18169,146.231.130.254,IPv4,afrinic,ZA,37520,37520,146.231.0.0/16,2001:43f8:750::/44, 14.367357,14.185601,14.367357,14.275293
18169,146.231.130.254,IPv4,afrinic,ZA,37520,37520,146.231.0.0/16,2001:43f8:750::/44, 14.272921,14.185601,14.367357,14.275293
18169,146.231.130.254,IPv4,afrinic,ZA,37520,37520,146.231.0.0/16,2001:43f8:750::/44,  14.185601,14.185601,14.367357,14.275293
2062,192.168.1.20,IPv4,afrinic,RE,3215,3215,83.198.0.0/16,2a01:cb22::/36, 198.092583,197.164072,198.734632,197.9970956667
2062,192.168.1.20,IPv4,afrinic,RE,3215,3215,83.198.0.0/16,2a01:cb22::/36, 197.164072,197.164072,198.734632,197.9970956667
2062,192.168.1.20,IPv4,afrinic,RE,3215,3215,83.198.0.0/16,2a01:cb22::/36,  198.734632,197.164072,198.734632,197.9970956667
22522,192.168.1.100,IPv4,afrinic,SN,8346,6939,41.82.192.0/18,2001:470::/32, 95.877133,93.873539,96.70925,95.4866406667
22522,192.168.1.100,IPv4,afrinic,SN,8346,6939,41.82.192.0/18,2001:470::/32, 93.873539,93.873539,96.70925,95.4866406667
22522,192.168.1.100,IPv4,afrinic,SN,8346,6939,41.82.192.0/18,2001:470::/32,  96.70925,93.873539,96.70925,95.4866406667
28607,192.168.0.226,IPv4,afrinic,RE,3215,3215,81.248.192.0/18,2a01:cb22::/36, 199.661853,198.036661,199.661853,198.9523253333
28607,192.168.0.226,IPv4,afrinic,RE,3215,3215,81.248.192.0/18,2a01:cb22::/36, 199.158462,198.036661,199.661853,198.9523253333
28607,192.168.0.226,IPv4,afrinic,RE,3215,3215,81.248.192.0/18,2a01:cb22::/36,  198.036661,198.036661,199.661853,198.9523253333
33053,192.168.68.126,IPv4,afrinic,ZA,37640,37640,154.66.88.0/21,2c0f:f470::/32, 41.809562,41.105403,41.809562,41.4893576667
33053,192.168.68.126,IPv4,afrinic,ZA,37640,37640,154.66.88.0/21,2c0f:f470::/32, 41.553108,41.105403,41.809562,41.4893576667
33053,192.168.68.126,IPv4,afrinic,ZA,37640,37640,154.66.88.0/21,2c0f:f470::/32,  41.105403,41.105403,41.809562,41.4893576667
35743,192.168.100.250,IPv4,afrinic,ZA,328137,328137,160.119.228.0/23,2c0f:f030::/36, 6.908435,2.476904,6.908435,4.0940076667
35743,192.168.100.250,IPv4,afrinic,ZA,328137,328137,160.119.228.0/23,2c0f:f030::/36, 2.476904,2.476904,6.908435,4.0940076667
35743,192.168.100.250,IPv4,afrinic,ZA,328137,328137,160.119.228.0/23,2c0f:f030::/36,  2.896684,2.476904,6.908435,4.0940076667
35790,192.168.10.235,IPv4,afrinic,RE,3215,211693,92.130.0.0/16,2001:67c:1308::/48, 191.613021,189.858663,194.404298,191.9586606667
35790,192.168.10.235,IPv4,afrinic,RE,3215,211693,92.130.0.0/16,2001:67c:1308::/48, 189.858663,189.858663,194.404298,191.9586606667
35790,192.168.10.235,IPv4,afrinic,RE,3215,211693,92.130.0.0/16,2001:67c:1308::/48,  194.404298,189.858663,194.404298,191.9586606667
50493,192.168.1.11,IPv4,afrinic,RE,3215,3215,83.198.0.0/16,2a01:cb22::/36, 206.986834,206.245917,206.986834,206.526278
50493,192.168.1.11,IPv4,afrinic,RE,3215,3215,83.198.0.0/16,2a01:cb22::/36, 206.346083,206.245917,206.986834,206.526278
50493,192.168.1.11,IPv4,afrinic,RE,3215,3215,83.198.0.0/16,2a01:cb22::/36,  206.245917,206.245917,206.986834,206.526278
51622,196.192.112.245,IPv4,afrinic,MU,37708,37708,196.192.112.0/23,2001:43f8:90::/48, 20.450083,20.450083,61.658458,40.0971803333
51622,196.192.112.245,IPv4,afrinic,MU,37708,37708,196.192.112.0/23,2001:43f8:90::/48, 38.183,20.450083,61.658458,40.0971803333
51622,196.192.112.245,IPv4,afrinic,MU,37708,37708,196.192.112.0/23,2001:43f8:90::/48,  61.658458,20.450083,61.658458,40.0971803333
51823,100.88.192.98,IPv4,afrinic,CD,206283,206283,185.243.14.0/24,2a02:f402::/32, 650.638542,632.838501,687.769667,657.0822366667
51823,100.88.192.98,IPv4,afrinic,CD,206283,206283,185.243.14.0/24,2a02:f402::/32, 632.838501,632.838501,687.769667,657.0822366667
51823,100.88.192.98,IPv4,afrinic,CD,206283,206283,185.243.14.0/24,2a02:f402::/32,  687.769667,632.838501,687.769667,657.0822366667
52459,192.168.1.10,IPv4,afrinic,RE,3215,3215,83.198.0.0/16,2a01:cb22::/36, 194.398459,194.398459,195.01825,194.7226806667
52459,192.168.1.10,IPv4,afrinic,RE,3215,3215,83.198.0.0/16,2a01:cb22::/36, 194.751333,194.398459,195.01825,194.7226806667
52459,192.168.1.10,IPv4,afrinic,RE,3215,3215,83.198.0.0/16,2a01:cb22::/36,  195.01825,194.398459,195.01825,194.7226806667
54721,192.168.1.15,IPv4,afrinic,RE,3215,3215,83.198.0.0/16,2a01:cb22::/36, 205.329458,204.536,205.329458,204.843861
54721,192.168.1.15,IPv4,afrinic,RE,3215,3215,83.198.0.0/16,2a01:cb22::/36, 204.536,204.536,205.329458,204.843861
54721,192.168.1.15,IPv4,afrinic,RE,3215,3215,83.198.0.0/16,2a01:cb22::/36,  204.666125,204.536,205.329458,204.843861
55130,172.29.40.21,IPv4,afrinic,ZA,327849,327849,45.222.0.0/20,2c0f:f2a0:1000::/36, 5.053417,4.617708,5.109875,4.927
55130,172.29.40.21,IPv4,afrinic,ZA,327849,327849,45.222.0.0/20,2c0f:f2a0:1000::/36, 4.617708,4.617708,5.109875,4.927
55130,172.29.40.21,IPv4,afrinic,ZA,327849,327849,45.222.0.0/20,2c0f:f2a0:1000::/36,  5.109875,4.617708,5.109875,4.927
6053,197.80.104.36,IPv4,afrinic,ZA,10474,10474,197.80.0.0/13,2c0f:ff40::/26, 1.419511,0.804186,1.419511,1.0202626667
6053,197.80.104.36,IPv4,afrinic,ZA,10474,10474,197.80.0.0/13,2c0f:ff40::/26, 0.804186,0.804186,1.419511,1.0202626667
6053,197.80.104.36,IPv4,afrinic,ZA,10474,10474,197.80.0.0/13,2c0f:ff40::/26,  0.837091,0.804186,1.419511,1.0202626667
62008,192.168.1.10,IPv4,afrinic,RE,3215,3215,83.198.0.0/16,2a01:cb22::/36, 204.95853,199.774146,204.95853,202.1906823333
62008,192.168.1.10,IPv4,afrinic,RE,3215,3215,83.198.0.0/16,2a01:cb22::/36, 199.774146,199.774146,204.95853,202.1906823333
62008,192.168.1.10,IPv4,afrinic,RE,3215,3215,83.198.0.0/16,2a01:cb22::/36,  201.839371,199.774146,204.95853,202.1906823333
6224,196.49.5.98,IPv4,afrinic,TZ,327844,327844,196.49.5.0/24,2001:43f8:1::/48, 0.950519,0.551755,0.950519,0.757814
6224,196.49.5.98,IPv4,afrinic,TZ,327844,327844,196.49.5.0/24,2001:43f8:1::/48, 0.771168,0.551755,0.950519,0.757814
6224,196.49.5.98,IPv4,afrinic,TZ,327844,327844,196.49.5.0/24,2001:43f8:1::/48,  0.551755,0.551755,0.950519,0.757814
6569,188.172.217.86,IPv4,afrinic,ZA,42473,42473,188.172.217.0/24,2a00:11c0:67::/48, 0.626973,0.329251,0.626973,0.492541
6569,188.172.217.86,IPv4,afrinic,ZA,42473,42473,188.172.217.0/24,2a00:11c0:67::/48, 0.329251,0.329251,0.626973,0.492541
6569,188.172.217.86,IPv4,afrinic,ZA,42473,42473,188.172.217.0/24,2a00:11c0:67::/48,  0.521399,0.329251,0.626973,0.492541
7062,196.40.111.147,IPv4,afrinic,ZA,37153,37153,196.40.96.0/20,2c0f:fce8::/34, 0.876846,0.876846,2.579498,1.5172716667
7062,196.40.111.147,IPv4,afrinic,ZA,37153,37153,196.40.96.0/20,2c0f:fce8::/34, 1.095471,0.876846,2.579498,1.5172716667
7062,196.40.111.147,IPv4,afrinic,ZA,37153,37153,196.40.96.0/20,2c0f:fce8::/34,  2.579498,0.876846,2.579498,1.5172716667
10243,2001:4258:1:10:a2f3:c1ff:fea6:71ed,IPv6,afrinic,TZ,37084,37084,41.221.32.0/21,2001:4258::/32, 1.168415,0.971115,1.29301,1.14418
10243,2001:4258:1:10:a2f3:c1ff:fea6:71ed,IPv6,afrinic,TZ,37084,37084,41.221.32.0/21,2001:4258::/32, 0.971115,0.971115,1.29301,1.14418
10243,2001:4258:1:10:a2f3:c1ff:fea6:71ed,IPv6,afrinic,TZ,37084,37084,41.221.32.0/21,2001:4258::/32,  1.29301,0.971115,1.29301,1.14418
13725,2c0f:feb0:9:1::2,IPv6,afrinic,MZ,37100,37100,105.16.0.0/12,2c0f:feb0::/32, 18.194106,18.008545,18.194106,18.0971223333
13725,2c0f:feb0:9:1::2,IPv6,afrinic,MZ,37100,37100,105.16.0.0/12,2c0f:feb0::/32, 18.008545,18.008545,18.194106,18.0971223333
13725,2c0f:feb0:9:1::2,IPv6,afrinic,MZ,37100,37100,105.16.0.0/12,2c0f:feb0::/32,  18.088716,18.008545,18.194106,18.0971223333
13888,2001:43d8:4000:8000::5,IPv6,afrinic,ZA,15022,15022,197.255.144.0/23,2001:43d8::/32, 3.88931,0.693632,3.88931,1.761588
13888,2001:43d8:4000:8000::5,IPv6,afrinic,ZA,15022,15022,197.255.144.0/23,2001:43d8::/32, 0.701822,0.693632,3.88931,1.761588
13888,2001:43d8:4000:8000::5,IPv6,afrinic,ZA,15022,15022,197.255.144.0/23,2001:43d8::/32,  0.693632,0.693632,3.88931,1.761588
18169,2001:43f8:750:1100:c24a:ff:fecc:75c2,IPv6,afrinic,ZA,37520,37520,146.231.0.0/16,2001:43f8:750::/44, 14.892683,14.841998,14.937194,14.890625
18169,2001:43f8:750:1100:c24a:ff:fecc:75c2,IPv6,afrinic,ZA,37520,37520,146.231.0.0/16,2001:43f8:750::/44, 14.841998,14.841998,14.937194,14.890625
18169,2001:43f8:750:1100:c24a:ff:fecc:75c2,IPv6,afrinic,ZA,37520,37520,146.231.0.0/16,2001:43f8:750::/44,  14.937194,14.841998,14.937194,14.890625
2062,2a01:cb22:184:3b00:220:4aff:fee0:234e,IPv6,afrinic,RE,3215,3215,83.198.0.0/16,2a01:cb22::/36, 210.823722,210.401322,210.823722,210.607658
2062,2a01:cb22:184:3b00:220:4aff:fee0:234e,IPv6,afrinic,RE,3215,3215,83.198.0.0/16,2a01:cb22::/36, 210.401322,210.401322,210.823722,210.607658
2062,2a01:cb22:184:3b00:220:4aff:fee0:234e,IPv6,afrinic,RE,3215,3215,83.198.0.0/16,2a01:cb22::/36,  210.59793,210.401322,210.823722,210.607658
22522,2001:470:1f21:bf:eade:27ff:fe69:d97e,IPv6,afrinic,SN,8346,6939,41.82.192.0/18,2001:470::/32, 69.167991,69.167991,77.662999,72.479148
22522,2001:470:1f21:bf:eade:27ff:fe69:d97e,IPv6,afrinic,SN,8346,6939,41.82.192.0/18,2001:470::/32, 77.662999,69.167991,77.662999,72.479148
22522,2001:470:1f21:bf:eade:27ff:fe69:d97e,IPv6,afrinic,SN,8346,6939,41.82.192.0/18,2001:470::/32,  70.606454,69.167991,77.662999,72.479148
28607,2a01:cb22:1b8:ec05:f6f2:6dff:fe5d:a320,IPv6,afrinic,RE,3215,3215,81.248.192.0/18,2a01:cb22::/36, 202.427448,202.427448,204.859333,204.012825
28607,2a01:cb22:1b8:ec05:f6f2:6dff:fe5d:a320,IPv6,afrinic,RE,3215,3215,81.248.192.0/18,2a01:cb22::/36, 204.859333,202.427448,204.859333,204.012825
28607,2a01:cb22:1b8:ec05:f6f2:6dff:fe5d:a320,IPv6,afrinic,RE,3215,3215,81.248.192.0/18,2a01:cb22::/36,  204.751694,202.427448,204.859333,204.012825
33053,2c0f:f470:2:10:1ad6:c7ff:fe2a:12c8,IPv6,afrinic,ZA,37640,37640,154.66.88.0/21,2c0f:f470::/32, 42.397692,41.150359,42.397692,41.5824206667
33053,2c0f:f470:2:10:1ad6:c7ff:fe2a:12c8,IPv6,afrinic,ZA,37640,37640,154.66.88.0/21,2c0f:f470::/32, 41.199211,41.150359,42.397692,41.5824206667
33053,2c0f:f470:2:10:1ad6:c7ff:fe2a:12c8,IPv6,afrinic,ZA,37640,37640,154.66.88.0/21,2c0f:f470::/32,  41.150359,41.150359,42.397692,41.5824206667
50493,2a01:cb22:8f4:6e00:1:f7ff:fefa:d6bc,IPv6,afrinic,RE,3215,3215,83.198.0.0/16,2a01:cb22::/36, 204.988917,202.71575,204.988917,203.7033613333
50493,2a01:cb22:8f4:6e00:1:f7ff:fefa:d6bc,IPv6,afrinic,RE,3215,3215,83.198.0.0/16,2a01:cb22::/36, 203.405417,202.71575,204.988917,203.7033613333
50493,2a01:cb22:8f4:6e00:1:f7ff:fefa:d6bc,IPv6,afrinic,RE,3215,3215,83.198.0.0/16,2a01:cb22::/36,  202.71575,202.71575,204.988917,203.7033613333
51622,2001:43f8:90:608:1:69ff:fe6e:ca83,IPv6,afrinic,MU,37708,37708,196.192.112.0/23,2001:43f8:90::/48, 44.317958,44.236459,44.317958,44.2768196667
51622,2001:43f8:90:608:1:69ff:fe6e:ca83,IPv6,afrinic,MU,37708,37708,196.192.112.0/23,2001:43f8:90::/48, 44.236459,44.236459,44.317958,44.2768196667
51622,2001:43f8:90:608:1:69ff:fe6e:ca83,IPv6,afrinic,MU,37708,37708,196.192.112.0/23,2001:43f8:90::/48,  44.276042,44.236459,44.317958,44.2768196667
52459,2a01:cb22:187:4200:1:53ff:fea4:7b43,IPv6,afrinic,RE,3215,3215,83.198.0.0/16,2a01:cb22::/36, 203.350417,203.350417,210.802542,206.0945556667
52459,2a01:cb22:187:4200:1:53ff:fea4:7b43,IPv6,afrinic,RE,3215,3215,83.198.0.0/16,2a01:cb22::/36, 210.802542,203.350417,210.802542,206.0945556667
52459,2a01:cb22:187:4200:1:53ff:fea4:7b43,IPv6,afrinic,RE,3215,3215,83.198.0.0/16,2a01:cb22::/36,  204.130708,203.350417,210.802542,206.0945556667
54721,2a01:cb22:84b:c800:1:69ff:fede:1b1f,IPv6,afrinic,RE,3215,3215,83.198.0.0/16,2a01:cb22::/36, 197.096417,197.096417,557.220167,317.1553753333
54721,2a01:cb22:84b:c800:1:69ff:fede:1b1f,IPv6,afrinic,RE,3215,3215,83.198.0.0/16,2a01:cb22::/36, 557.220167,197.096417,557.220167,317.1553753333
54721,2a01:cb22:84b:c800:1:69ff:fede:1b1f,IPv6,afrinic,RE,3215,3215,83.198.0.0/16,2a01:cb22::/36,  197.149542,197.096417,557.220167,317.1553753333
55130,2c0f:f2a0:1000:0:1:abff:fe35:952,IPv6,afrinic,ZA,327849,327849,45.222.0.0/20,2c0f:f2a0:1000::/36, 5.484,4.434834,5.484,4.8326253333
55130,2c0f:f2a0:1000:0:1:abff:fe35:952,IPv6,afrinic,ZA,327849,327849,45.222.0.0/20,2c0f:f2a0:1000::/36, 4.579042,4.434834,5.484,4.8326253333
55130,2c0f:f2a0:1000:0:1:abff:fe35:952,IPv6,afrinic,ZA,327849,327849,45.222.0.0/20,2c0f:f2a0:1000::/36,  4.434834,4.434834,5.484,4.8326253333
6053,2c0f:ff40:30:161::4,IPv6,afrinic,ZA,10474,10474,197.80.0.0/13,2c0f:ff40::/26, 1.652327,0.942872,1.652327,1.179734
6053,2c0f:ff40:30:161::4,IPv6,afrinic,ZA,10474,10474,197.80.0.0/13,2c0f:ff40::/26, 0.942872,0.942872,1.652327,1.179734
6053,2c0f:ff40:30:161::4,IPv6,afrinic,ZA,10474,10474,197.80.0.0/13,2c0f:ff40::/26,  0.944003,0.942872,1.652327,1.179734
62008,2a01:cb22:83b:5200:da58:d7ff:fe03:9e5,IPv6,afrinic,RE,3215,3215,83.198.0.0/16,2a01:cb22::/36, 203.216134,200.679667,203.216134,201.628232
62008,2a01:cb22:83b:5200:da58:d7ff:fe03:9e5,IPv6,afrinic,RE,3215,3215,83.198.0.0/16,2a01:cb22::/36, 200.679667,200.679667,203.216134,201.628232
62008,2a01:cb22:83b:5200:da58:d7ff:fe03:9e5,IPv6,afrinic,RE,3215,3215,83.198.0.0/16,2a01:cb22::/36,  200.988895,200.679667,203.216134,201.628232
6224,2001:43f8:1:404::a793,IPv6,afrinic,TZ,327844,327844,196.49.5.0/24,2001:43f8:1::/48, 0.703365,0.597151,0.703365,0.6348756667
6224,2001:43f8:1:404::a793,IPv6,afrinic,TZ,327844,327844,196.49.5.0/24,2001:43f8:1::/48, 0.597151,0.597151,0.703365,0.6348756667
6224,2001:43f8:1:404::a793,IPv6,afrinic,TZ,327844,327844,196.49.5.0/24,2001:43f8:1::/48,  0.604111,0.597151,0.703365,0.6348756667
6569,2a00:11c0:67:aa3::a,IPv6,afrinic,ZA,42473,42473,188.172.217.0/24,2a00:11c0:67::/48, 0.634476,0.415603,0.889987,0.6466886667
6569,2a00:11c0:67:aa3::a,IPv6,afrinic,ZA,42473,42473,188.172.217.0/24,2a00:11c0:67::/48, 0.889987,0.415603,0.889987,0.6466886667
6569,2a00:11c0:67:aa3::a,IPv6,afrinic,ZA,42473,42473,188.172.217.0/24,2a00:11c0:67::/48,  0.415603,0.415603,0.889987,0.6466886667
7062,2c0f:fce8:0:191::3,IPv6,afrinic,ZA,37153,37153,196.40.96.0/20,2c0f:fce8::/34, 1.789974,1.697329,1.809524,1.765609
7062,2c0f:fce8:0:191::3,IPv6,afrinic,ZA,37153,37153,196.40.96.0/20,2c0f:fce8::/34, 1.809524,1.697329,1.809524,1.765609
7062,2c0f:fce8:0:191::3,IPv6,afrinic,ZA,37153,37153,196.40.96.0/20,2c0f:fce8::/34,  1.697329,1.697329,1.809524,1.765609
1002165,2a02:4780:6:1::1e,IPv6,apnic,ID,47583,47583,153.92.15.0/24,2a02:4780:6::/48, 21.447996,21.143247,21.447996,21.2492386667
1002165,2a02:4780:6:1::1e,IPv6,apnic,ID,47583,47583,153.92.15.0/24,2a02:4780:6::/48, 21.143247,21.143247,21.447996,21.2492386667
1002165,2a02:4780:6:1::1e,IPv6,apnic,ID,47583,47583,153.92.15.0/24,2a02:4780:6::/48,  21.156473,21.143247,21.447996,21.2492386667
1003371,2406:da19:c2:6400:a5a4:8c9c:8296:4fc,IPv6,apnic,ID,16509,16509,108.136.0.0/15,2406:da19::/38, 16.315035,15.844884,16.315035,16.0122186667
1003371,2406:da19:c2:6400:a5a4:8c9c:8296:4fc,IPv6,apnic,ID,16509,16509,108.136.0.0/15,2406:da19::/38, 15.844884,15.844884,16.315035,16.0122186667
1003371,2406:da19:c2:6400:a5a4:8c9c:8296:4fc,IPv6,apnic,ID,16509,16509,108.136.0.0/15,2406:da19::/38,  15.876737,15.844884,16.315035,16.0122186667
1003391,2403:ac80:cc:7::309:cabd,IPv6,apnic,JP,4785,4785,45.14.107.0/24,2403:ac80::/32, 7.860463,7.763505,7.86264,7.8288693333
1003391,2403:ac80:cc:7::309:cabd,IPv6,apnic,JP,4785,4785,45.14.107.0/24,2403:ac80::/32, 7.763505,7.763505,7.86264,7.8288693333
1003391,2403:ac80:cc:7::309:cabd,IPv6,apnic,JP,4785,4785,45.14.107.0/24,2403:ac80::/32,  7.86264,7.763505,7.86264,7.8288693333
1003464,2400:6180:100:d0::baa:4001,IPv6,apnic,IN,14061,14061,139.59.80.0/20,2400:6180:100::/40, 128.187903,127.379161,128.187903,127.682101
1003464,2400:6180:100:d0::baa:4001,IPv6,apnic,IN,14061,14061,139.59.80.0/20,2400:6180:100::/40, 127.379161,127.379161,128.187903,127.682101
1003464,2400:6180:100:d0::baa:4001,IPv6,apnic,IN,14061,14061,139.59.80.0/20,2400:6180:100::/40,  127.479239,127.379161,128.187903,127.682101
1003631,2a02:4780:11:c0de::19,IPv6,apnic,IN,47583,47583,217.21.80.0/20,2a02:4780:11::/48, 126.140684,126.09233,126.178734,126.1372493333
1003631,2a02:4780:11:c0de::19,IPv6,apnic,IN,47583,47583,217.21.80.0/20,2a02:4780:11::/48, 126.178734,126.09233,126.178734,126.1372493333
1003631,2a02:4780:11:c0de::19,IPv6,apnic,IN,47583,47583,217.21.80.0/20,2a02:4780:11::/48,  126.09233,126.09233,126.178734,126.1372493333
1005363,2405:6581:60c0:a00:60e:3cff:fe24:6839,IPv6,apnic,JP,4685,4685,220.157.128.0/17,2405:6580::/29, 7.825895,4.92882,7.825895,6.0623033333
1005363,2405:6581:60c0:a00:60e:3cff:fe24:6839,IPv6,apnic,JP,4685,4685,220.157.128.0/17,2405:6580::/29, 4.92882,4.92882,7.825895,6.0623033333
1005363,2405:6581:60c0:a00:60e:3cff:fe24:6839,IPv6,apnic,JP,4685,4685,220.157.128.0/17,2405:6580::/29,  5.432195,4.92882,7.825895,6.0623033333
